[
{
    "model": "sessions.session",
    "pk": "e1z4niktyhg4h3vf20v5m2d2sigcc3bw",
    "fields": {
        "session_data": ".eJxdjUEOgkAMRe_SNSEy0xFhZdx7BtJpi6AwKGBcEO4uqAt117z3_-8E16oLCnmSJNZGcB-0L4RGgnwCbaluIIfbQ_en9Y65ayGCsu6HsQjU6lsuqKF_8r07R1DQfayK13wtS8jAD_PEFw2rkDOFU7d8CmNf-3iNxB87xMdOtDl8sj8DFQ3V0lYxlh1uGDcoYllKo0ouQ7SpE3SeOc1cgp4ynxnULfqU2MnOc8mlMzA_AdRqWbU:1qyUtH:B9fRfhKB648P5N6dmhchjU35jm2BGRrJR97MDAfs9lg",
        "expire_date": "2023-11-16T10:25:31.630Z"
    }
},
{
    "model": "sessions.session",
    "pk": "ytn8i474orpphda6mj524d9o0y6e5uu5",
    "fields": {
        "session_data": ".eJxVjMsOwiAQRf-FtSFAebp07zeQGRikaiAp7cr479qkC93ec859sQjbWuM2aIlzZmcm2el3Q0gPajvId2i3zlNv6zIj3xV-0MGvPdPzcrh_BxVG_dYgvUjOmeymgJhFUkagkoBaT1ict1QSAqGBYItCTcpqmWjSxQfthWLvD_GSOCc:1qyq4x:wtM_YeuuNw1sTXtQHvGYJjD7uijhV48K4S4hgSg3g3s",
        "expire_date": "2023-11-17T09:02:59.336Z"
    }
},
{
    "model": "accounts.user",
    "fields": {
        "password": "pbkdf2_sha256$260000$WwUh4c0hqj88qUyUQY2xVD$JzBEauyRxHXu1644KJ3IdI2CEVZmC3YsjZG4MM+Lvc8=",
        "last_login": "2023-11-03T09:02:59.335Z",
        "is_superuser": false,
        "email": "admin@gmail.com",
        "first_name": "Shop",
        "last_name": "Creater",
        "phone": 123,
        "is_staff": false,
        "is_active": true,
        "date_joined": "2023-11-01T15:04:41.984Z",
        "groups": [],
        "user_permissions": []
    }
},
{
    "model": "accounts.user",
    "fields": {
        "password": "pbkdf2_sha256$260000$MxJ4XININkvQWktqK1wf8f$TL8WpZ7v+8Cja1OrzNu2EmKZZlVMd8MzhJVWZbCWZG4=",
        "last_login": "2023-11-02T10:25:31.627Z",
        "is_superuser": false,
        "email": "qwe@gmail.com",
        "first_name": "qwe",
        "last_name": "qwe",
        "phone": 11133,
        "is_staff": false,
        "is_active": true,
        "date_joined": "2023-11-02T10:25:31.554Z",
        "groups": [],
        "user_permissions": []
    }
},
{
    "model": "shop.shop",
    "pk": 1,
    "fields": {
        "user": [
            "admin@gmail.com"
        ],
        "name": "New",
        "logo": "logos/jack_1fvp8Ug.jpeg",
        "description": "Приветствуем вас в виртуальном мире удовольствия от шопинга — ТестоМагазин! Здесь вы можете насладиться уникальным опытом выбора товаров, не переживая за бюджет. Наш магазин предлагает широкий ассортимент виртуальных товаров — от фантастических футуристических гаджетов до волшебных предметов интерьера. ТестоМагазин создан для того, чтобы вы могли попробовать настоящее удовольствие от шопинга в виртуальной реальности. Вперед, исследуйте, выбирайте и наслаждайтесь своими виртуальными покупками!",
        "theme": "black"
    }
},
{
    "model": "shop.shop",
    "pk": 2,
    "fields": {
        "user": [
            "admin@gmail.com"
        ],
        "name": "Вдохновение и Ткани",
        "logo": "logos/test_shop.jpeg",
        "description": "Добро пожаловать в 'Вдохновение и Ткани' — уникальный магазин, где каждый товар словно искусство. Наш ассортимент объединяет в себе стиль и функциональность: от изысканных предметов декора, добавляющих шарма вашему дому, до элегантной одежды, созданной с любовью к деталям. 'Вдохновение и Ткани' — это не просто магазин, это место, где красота встречает удобство, и каждая покупка становится маленьким шагом к созданию вашего идеального пространства.",
        "theme": "black"
    }
},
{
    "model": "shop.shop",
    "pk": 3,
    "fields": {
        "user": [
            "admin@gmail.com"
        ],
        "name": "АртИзум",
        "logo": "logos/shop.png",
        "description": "АртИзум — ваш уголок в мире креатива и стиля. Здесь каждый товар — произведение искусства, будь то уютные предметы для дома или модная одежда с характером. Наши коллекции отражают индивидуальность и вдохновляют на творческий подход к повседневной жизни. Добро пожаловать в магазин, где каждая покупка — это шаг в мир утонченного стиля и неповторимого вкуса.",
        "theme": "blue"
    }
},
{
    "model": "shop.product",
    "pk": 1,
    "fields": {
        "shop": 1,
        "name": "TEST",
        "description": "test",
        "vendor_code": 123,
        "quantity": 123,
        "price": 123,
        "discount": null,
        "category": 1,
        "discounted_price": 0
    }
},
{
    "model": "shop.product",
    "pk": 2,
    "fields": {
        "shop": 2,
        "name": "Наушники",
        "description": "Погрузитесь в мир звука с нашими инновационными наушниками 'Соническая Волна'. Они не просто предоставляют вам музыку, они создают атмосферу. Совершенный баланс между кристальной чистотой и мощными басами погрузит вас в каждую ноту вашей любимой композиции. Удобные, стильные и снабженные передовой технологией шумоподавления, эти наушники станут вашим надежным спутником в мире звуковых впечатлений. Откройте новое измерение звука с 'Соническая Волна'.",
        "vendor_code": 3,
        "quantity": 10,
        "price": 20000,
        "discount": null,
        "category": 2,
        "discounted_price": 0
    }
},
{
    "model": "shop.product",
    "pk": 3,
    "fields": {
        "shop": 2,
        "name": "Мужской пиджак",
        "description": "Добро пожаловать в мир стиля и утонченности с нашим элегантным пиджаком 'Гармония'. Этот пиджак не просто предмет одежды — это воплощение вашего неповторимого стиля. Изготовленный из высококачественных материалов, 'Гармония' сочетает в себе классическую элегантность и современные тренды. Его идеальная посадка подчеркнет вашу индивидуальность, а тщательно проработанные детали добавят изысканности вашему образу. Носите 'Гармонию' с уверенностью — в этом пиджаке каждый момент станет особенным.",
        "vendor_code": 3000,
        "quantity": 20,
        "price": 150000,
        "discount": null,
        "category": 3,
        "discounted_price": 0
    }
},
{
    "model": "shop.product",
    "pk": 4,
    "fields": {
        "shop": 3,
        "name": "Куртка",
        "description": "\"Готовьтесь к приключениям с нашей курткой 'Эксплорер'. Созданная для тех, кто ценит свободу движения и стиль в любой обстановке, эта куртка сочетает в себе функциональность и моду. Изготовленная из прочных, ветрозащитных материалов, 'Эксплорер' готова справиться с любыми погодными условиями. Умные карманы и современный дизайн делают эту куртку идеальным выбором для тех, кто не останавливается на месте. Поднимите свой стиль на новый уровень с 'Эксплорер' и готовьтесь к невероятным приключениям!\"",
        "vendor_code": 100000,
        "quantity": 20,
        "price": 50000,
        "discount": null,
        "category": 4,
        "discounted_price": 0
    }
},
{
    "model": "shop.product",
    "pk": 5,
    "fields": {
        "shop": 3,
        "name": "Кроссовки Nike",
        "description": "\"Добро пожаловать в мир активного образа жизни с кроссовками Nike 'Энергия Без Границ'. Эти кроссовки не просто обувь — это ваш партнер в каждом движении. Сочетание современного дизайна и передовых технологий делает 'Энергию Без Границ' идеальным выбором для тех, кто стремится к выдающимся результатам. Легкие, комфортные и стильные, эти кроссовки поднимут ваш тренировочный процесс на новый уровень. Давайте вместе преодолевать границы и достигать новых высот с Nike.",
        "vendor_code": 99999999,
        "quantity": 2000,
        "price": 90000,
        "discount": null,
        "category": 5,
        "discounted_price": 0
    }
},
{
    "model": "shop.product",
    "pk": 6,
    "fields": {
        "shop": 1,
        "name": "Холодильник",
        "description": "Этот холодильник — не просто хранилище продуктов, это интеллектуальный партнер в организации вашей кухни. Современный дизайн сочетается с передовыми технологиями в управлении температурой и влажностью, обеспечивая идеальные условия для каждого вашего продукта. 'Арктический Оазис' не только сохраняет свежесть, но и экономит энергию, делая ваш быт еще более удобным. Добро пожаловать в эру холодильников, где ухаживать за продуктами — это настоящее удовольствие.",
        "vendor_code": 50000,
        "quantity": 1000,
        "price": 500000,
        "discount": 20,
        "category": 6,
        "discounted_price": 400000
    }
},
{
    "model": "shop.images",
    "pk": 1,
    "fields": {
        "product": 1,
        "image": "product_images/test_shop.jpeg"
    }
},
{
    "model": "shop.images",
    "pk": 2,
    "fields": {
        "product": 2,
        "image": "product_images/headset.jpg"
    }
},
{
    "model": "shop.images",
    "pk": 3,
    "fields": {
        "product": 2,
        "image": "product_images/shop.png"
    }
},
{
    "model": "shop.images",
    "pk": 4,
    "fields": {
        "product": 3,
        "image": "product_images/product.jpg"
    }
},
{
    "model": "shop.images",
    "pk": 5,
    "fields": {
        "product": 4,
        "image": "product_images/куртка1.jpg"
    }
},
{
    "model": "shop.images",
    "pk": 6,
    "fields": {
        "product": 4,
        "image": "product_images/куртка2.jpg"
    }
},
{
    "model": "shop.images",
    "pk": 7,
    "fields": {
        "product": 4,
        "image": "product_images/куртка3.jpg"
    }
},
{
    "model": "shop.images",
    "pk": 8,
    "fields": {
        "product": 5,
        "image": "product_images/кросы1.jpg"
    }
},
{
    "model": "shop.images",
    "pk": 9,
    "fields": {
        "product": 5,
        "image": "product_images/кросы2.jpeg"
    }
},
{
    "model": "shop.images",
    "pk": 10,
    "fields": {
        "product": 5,
        "image": "product_images/кросы3.jpg"
    }
},
{
    "model": "shop.images",
    "pk": 11,
    "fields": {
        "product": 6,
        "image": "product_images/холодильник1.jpg"
    }
},
{
    "model": "shop.images",
    "pk": 12,
    "fields": {
        "product": 6,
        "image": "product_images/холодильник2.jpeg"
    }
},
{
    "model": "shop.images",
    "pk": 13,
    "fields": {
        "product": 6,
        "image": "product_images/холодильник3.png"
    }
},
{
    "model": "shop.category",
    "pk": 1,
    "fields": {
        "name": "Test"
    }
},
{
    "model": "shop.category",
    "pk": 2,
    "fields": {
        "name": "Наушники"
    }
},
{
    "model": "shop.category",
    "pk": 3,
    "fields": {
        "name": "Мужская одежда"
    }
},
{
    "model": "shop.category",
    "pk": 4,
    "fields": {
        "name": "Куртка"
    }
},
{
    "model": "shop.category",
    "pk": 5,
    "fields": {
        "name": "Кросовки"
    }
},
{
    "model": "shop.category",
    "pk": 6,
    "fields": {
        "name": "Холодильники"
    }
},
{
    "model": "shop.attributes",
    "pk": 1,
    "fields": {
        "product": 2,
        "name": "Цвет",
        "value": "Черный"
    }
},
{
    "model": "shop.attributes",
    "pk": 2,
    "fields": {
        "product": 2,
        "name": "Размер",
        "value": "100х100"
    }
},
{
    "model": "shop.attributes",
    "pk": 3,
    "fields": {
        "product": 2,
        "name": "Цвет",
        "value": "Черный"
    }
},
{
    "model": "shop.attributes",
    "pk": 4,
    "fields": {
        "product": 3,
        "name": "размер",
        "value": "L"
    }
},
{
    "model": "shop.attributes",
    "pk": 5,
    "fields": {
        "product": 4,
        "name": "размеры",
        "value": "s m l"
    }
},
{
    "model": "shop.attributes",
    "pk": 6,
    "fields": {
        "product": 5,
        "name": "размеры",
        "value": "39 40 41 42 43"
    }
},
{
    "model": "shop.attributes",
    "pk": 7,
    "fields": {
        "product": 6,
        "name": "Размеры",
        "value": "2.0х1.0"
    }
},
{
    "model": "shop.attributes",
    "pk": 8,
    "fields": {
        "product": 6,
        "name": "Цвета",
        "value": "Черный, Белый"
    }
},
{
    "model": "shop.bucket",
    "pk": 8,
    "fields": {
        "product": 1,
        "quantity": 3,
        "user": [
            "qwe@gmail.com"
        ],
        "ip_address": null
    }
},
{
    "model": "shop.bucket",
    "pk": 9,
    "fields": {
        "product": 1,
        "quantity": 2,
        "user": [
            "admin@gmail.com"
        ],
        "ip_address": null
    }
},
{
    "model": "shop.bucket",
    "pk": 10,
    "fields": {
        "product": 1,
        "quantity": 2,
        "user": null,
        "ip_address": "127.0.0.1"
    }
},
{
    "model": "shop.bucket",
    "pk": 11,
    "fields": {
        "product": 2,
        "quantity": 1,
        "user": [
            "admin@gmail.com"
        ],
        "ip_address": null
    }
},
{
    "model": "shop.bucket",
    "pk": 12,
    "fields": {
        "product": 3,
        "quantity": 1,
        "user": [
            "admin@gmail.com"
        ],
        "ip_address": null
    }
},
{
    "model": "shop.bucket",
    "pk": 13,
    "fields": {
        "product": 4,
        "quantity": 1,
        "user": [
            "admin@gmail.com"
        ],
        "ip_address": null
    }
},
{
    "model": "shop.bucket",
    "pk": 14,
    "fields": {
        "product": 5,
        "quantity": 1,
        "user": [
            "admin@gmail.com"
        ],
        "ip_address": null
    }
},
{
    "model": "taggit.tag",
    "pk": 1,
    "fields": {
        "name": "Наушники",
        "slug": "наушники"
    }
},
{
    "model": "taggit.tag",
    "pk": 2,
    "fields": {
        "name": "одежда",
        "slug": "одежда"
    }
},
{
    "model": "taggit.tag",
    "pk": 3,
    "fields": {
        "name": "Мужская",
        "slug": "мужская"
    }
},
{
    "model": "taggit.tag",
    "pk": 4,
    "fields": {
        "name": "куртки",
        "slug": "куртки"
    }
},
{
    "model": "taggit.tag",
    "pk": 5,
    "fields": {
        "name": "Женские",
        "slug": "женские"
    }
},
{
    "model": "taggit.tag",
    "pk": 6,
    "fields": {
        "name": "Nike",
        "slug": "nike"
    }
},
{
    "model": "taggit.tag",
    "pk": 7,
    "fields": {
        "name": "Беговая обувь",
        "slug": "беговая-обувь"
    }
},
{
    "model": "taggit.tag",
    "pk": 8,
    "fields": {
        "name": "Спорт",
        "slug": "спорт"
    }
},
{
    "model": "taggit.tag",
    "pk": 9,
    "fields": {
        "name": "Test",
        "slug": "test"
    }
},
{
    "model": "taggit.tag",
    "pk": 10,
    "fields": {
        "name": "Хороший",
        "slug": "хороший"
    }
},
{
    "model": "taggit.tag",
    "pk": 11,
    "fields": {
        "name": "Температура до -25",
        "slug": "температура-до-25"
    }
},
{
    "model": "taggit.tag",
    "pk": 12,
    "fields": {
        "name": "Холодильник",
        "slug": "холодильник"
    }
},
{
    "model": "taggit.tag",
    "pk": 13,
    "fields": {
        "name": "Вместительный",
        "slug": "вместительный"
    }
},
{
    "model": "taggit.taggeditem",
    "pk": 1,
    "fields": {
        "tag": 1,
        "content_type": [
            "shop",
            "product"
        ],
        "object_id": 2
    }
},
{
    "model": "taggit.taggeditem",
    "pk": 2,
    "fields": {
        "tag": 2,
        "content_type": [
            "shop",
            "product"
        ],
        "object_id": 3
    }
},
{
    "model": "taggit.taggeditem",
    "pk": 3,
    "fields": {
        "tag": 3,
        "content_type": [
            "shop",
            "product"
        ],
        "object_id": 3
    }
},
{
    "model": "taggit.taggeditem",
    "pk": 4,
    "fields": {
        "tag": 4,
        "content_type": [
            "shop",
            "product"
        ],
        "object_id": 4
    }
},
{
    "model": "taggit.taggeditem",
    "pk": 5,
    "fields": {
        "tag": 5,
        "content_type": [
            "shop",
            "product"
        ],
        "object_id": 4
    }
},
{
    "model": "taggit.taggeditem",
    "pk": 6,
    "fields": {
        "tag": 8,
        "content_type": [
            "shop",
            "product"
        ],
        "object_id": 5
    }
},
{
    "model": "taggit.taggeditem",
    "pk": 7,
    "fields": {
        "tag": 6,
        "content_type": [
            "shop",
            "product"
        ],
        "object_id": 5
    }
},
{
    "model": "taggit.taggeditem",
    "pk": 8,
    "fields": {
        "tag": 7,
        "content_type": [
            "shop",
            "product"
        ],
        "object_id": 5
    }
},
{
    "model": "taggit.taggeditem",
    "pk": 9,
    "fields": {
        "tag": 9,
        "content_type": [
            "shop",
            "product"
        ],
        "object_id": 1
    }
},
{
    "model": "taggit.taggeditem",
    "pk": 10,
    "fields": {
        "tag": 10,
        "content_type": [
            "shop",
            "product"
        ],
        "object_id": 6
    }
},
{
    "model": "taggit.taggeditem",
    "pk": 11,
    "fields": {
        "tag": 11,
        "content_type": [
            "shop",
            "product"
        ],
        "object_id": 6
    }
},
{
    "model": "taggit.taggeditem",
    "pk": 12,
    "fields": {
        "tag": 12,
        "content_type": [
            "shop",
            "product"
        ],
        "object_id": 6
    }
},
{
    "model": "taggit.taggeditem",
    "pk": 13,
    "fields": {
        "tag": 13,
        "content_type": [
            "shop",
            "product"
        ],
        "object_id": 6
    }
},
{
    "model": "authtoken.token",
    "pk": "cb7757f6c27943a97bbe46911257437086534fb3",
    "fields": {
        "user": [
            "admin@gmail.com"
        ],
        "created": "2023-11-03T07:36:57.791Z"
    }
}
]
